<application>
  <component name="GeneralSettings">
    <option name="showTipsOnStartup" value="false" />
    <option name="supportScreenReaders" value="true" />
  </component>
  <component name="Registry">
    <entry key="eslint.additional.file.extensions" value="svelte" />
  </component>
  <component name="StatusBar">
    <option name="widgets">
      <map>
        <entry key="ClangdMemory" value="true" />
        <entry key="Memory" value="true" />
        <entry key="PowerSaveMode" value="true" />
      </map>
    </option>
  </component>
</application>