<keymap version="1" name="KDE copy" parent="Default for KDE">
  <action id="Activategithub.copilotToolWindowToolWindow">
    <keyboard-shortcut first-keystroke="alt o" />
  </action>
  <action id="Back">
    <keyboard-shortcut first-keystroke="ctrl alt left" />
    <mouse-shortcut keystroke="button4" />
    <keyboard-shortcut first-keystroke="alt minus" />
  </action>
  <action id="CloseContent">
    <keyboard-shortcut first-keystroke="ctrl 4" />
    <keyboard-shortcut first-keystroke="ctrl q" />
  </action>
  <action id="CollapseAllRegions">
    <keyboard-shortcut first-keystroke="shift ctrl subtract" />
  </action>
  <action id="EditorDecreaseFontSize">
    <mouse-shortcut keystroke="control button142" />
  </action>
  <action id="EditorIncreaseFontSize">
    <mouse-shortcut keystroke="control button143" />
  </action>
  <action id="ExpandToLevel1">
    <keyboard-shortcut first-keystroke="ctrl multiply" second-keystroke="1" />
    <keyboard-shortcut first-keystroke="ctrl multiply" second-keystroke="numpad1" />
    <keyboard-shortcut first-keystroke="shift ctrl minus" />
  </action>
  <action id="ExportToTextFile" />
  <action id="ExpressionTypeInfo" />
  <action id="FileChooser.NewFolder">
    <keyboard-shortcut first-keystroke="alt insert" />
  </action>
  <action id="Forward">
    <keyboard-shortcut first-keystroke="ctrl alt right" />
    <mouse-shortcut keystroke="button5" />
    <keyboard-shortcut first-keystroke="alt equals" />
  </action>
  <action id="GotoAction">
    <keyboard-shortcut first-keystroke="shift ctrl p" />
  </action>
  <action id="GotoClass">
    <keyboard-shortcut first-keystroke="shift ctrl alt n" />
  </action>
  <action id="GotoSymbol">
    <keyboard-shortcut first-keystroke="ctrl n" />
  </action>
  <action id="NextSplitter">
    <keyboard-shortcut first-keystroke="alt l" />
  </action>
  <action id="OpenRecentEditorInBlankDiffWindow">
    <keyboard-shortcut first-keystroke="shift alt r" />
  </action>
  <action id="QuickJavaDoc">
    <mouse-shortcut keystroke="alt button2" />
  </action>
  <action id="RerunTests" />
  <action id="ToggleBookmark" />
  <action id="ToggleDistractionFreeMode">
    <keyboard-shortcut first-keystroke="shift ctrl a" />
  </action>
  <action id="ToggleZenMode">
    <keyboard-shortcut first-keystroke="f11" />
  </action>
  <action id="Vcs.Log.ShowTooltip">
    <mouse-shortcut keystroke="alt button2" />
  </action>
</keymap>